accuracy,precision,recall,f1_score,roc_auc
0.6527054561919855,0.19152854511970535,0.5897920604914934,0.2891566265060241,0.6687884586960411
